0,0,0,0,0,0,0,0,0,0,0,0,0
0,0,0,0,0,0,0,0,0,0,0,0,0
0,0,0,0,0,0,0,0,0,0,0,0,0
0,0,0,0,0,0,0,0,0,0,0,0,0
0,0,0,0,0,0,0,0,0,0,0,0,0
0,0,0,0,0,0,0,0,0,0,0,0,0
0,0,0,0,0,0,0,0,0,0,0,0,0
0,0,0,0.01,0,0,0,0,0,0,0.01,0,0
0,0,-0.01,0.01,0,0,0,0,0,0,0.01,-0.01,0
0,0,-0.01,0.01,-0.01,0,0,0,0,-0.01,0.01,-0.01,0
0,0,-0.01,0.02,-0.01,0,0,0,0,-0.01,0.02,-0.01,0
0,0,-0.01,0.03,-0.01,0,0,0,0,-0.01,0.03,-0.01,0
0,0,-0.02,0.03,-0.02,0,0,0,0,-0.02,0.03,-0.02,0
0,0,-0.02,0.04,-0.02,0,0,0,0,-0.02,0.04,-0.02,0
0,0,-0.03,0.05,-0.02,0,0,0,0,-0.02,0.05,-0.03,0
0,0,-0.03,0.06,-0.03,0,0,0,0,-0.03,0.06,-0.03,0
0,0,-0.04,0.08,-0.04,0,0,0,0,-0.04,0.08,-0.04,0
0,0,-0.05,0.09,-0.04,0,0,0,0,-0.04,0.09,-0.05,0
0,0,-0.06,0.11,-0.05,0,0,0,0,-0.05,0.11,-0.06,0
0,0,-0.07,0.13,-0.06,0,0,0,0,-0.06,0.13,-0.07,0
0,0,-0.08,0.15,-0.07,0,0,0,0,-0.07,0.15,-0.08,0
0,0,-0.09,0.17,-0.08,0,0,0,0,-0.08,0.17,-0.09,0
0,0,-0.1,0.19,-0.09,0,0,0,0,-0.09,0.19,-0.1,0
0,0,-0.12,0.22,-0.1,0,0,0,0,-0.1,0.22,-0.12,0
0,0,-0.13,0.25,-0.12,0,0,0,0,-0.12,0.25,-0.13,0
0,0,-0.15,0.28,-0.13,0,0,0,0,-0.13,0.28,-0.15,0
0,0,-0.16,0.31,-0.15,0,0,0,0,-0.15,0.31,-0.16,0
0,0,-0.18,0.35,-0.16,0,0,0,0,-0.16,0.35,-0.18,0
0,0,-0.2,0.38,-0.18,0,0,0,0,-0.18,0.38,-0.2,0
0,0,-0.22,0.42,-0.2,0,0,0,0,-0.2,0.42,-0.22,0
0,0,-0.24,0.47,-0.22,0,0,0,0,-0.22,0.47,-0.24,0
0,0,-0.27,0.51,-0.24,0,0,0,0,-0.24,0.51,-0.27,0
0,0,-0.29,0.56,-0.27,0,0,0,0,-0.27,0.56,-0.29,0
0,0,-0.32,0.61,-0.29,0,0,0,0,-0.29,0.61,-0.32,0
0,0,-0.35,0.66,-0.31,0,0,0,0,-0.31,0.66,-0.35,0
0,0,-0.38,0.72,-0.34,0,0,0,0,-0.34,0.72,-0.38,0
0,0,-0.41,0.77,-0.37,0,0,0,0,-0.37,0.77,-0.41,0
0,0,-0.44,0.83,-0.4,0,0,0,0,-0.4,0.83,-0.44,0
0,0,-0.47,0.9,-0.43,0,0,0,0,-0.43,0.9,-0.47,0
0,0,-0.51,0.96,-0.46,0,0,0,0,-0.46,0.96,-0.51,0
0,0,-0.54,1.03,-0.49,0,0,0,0,-0.49,1.03,-0.54,0
0,0,-0.58,1.11,-0.53,0,0,0,0,-0.53,1.11,-0.58,0
0,0,-0.62,1.18,-0.56,0,0,0,0,-0.56,1.18,-0.62,0
0,0,-0.66,1.26,-0.6,0,0,0,0,-0.6,1.26,-0.66,0
0,0,-0.7,1.34,-0.64,0,0,0,0,-0.64,1.34,-0.7,0
0,0,-0.75,1.42,-0.68,0,0,0,0,-0.68,1.42,-0.75,0
0,0,-0.79,1.51,-0.72,0,0,0,0,-0.72,1.51,-0.79,0
0,0,-0.84,1.6,-0.76,0,0,0,0,-0.76,1.6,-0.84,0
0,0,-0.89,1.69,-0.8,0,0,0,0,-0.8,1.69,-0.89,0
0,0,-0.94,1.79,-0.85,0,0,0,0,-0.85,1.79,-0.94,0
0,0,-0.99,1.88,-0.9,0,0,0,0,-0.9,1.88,-0.99,0
0,0,-1.04,1.99,-0.94,0,0,0,0,-0.94,1.99,-1.04,0
0,0,-1.1,2.09,-0.99,0,0,0,0,-0.99,2.09,-1.1,0
0,0,-1.15,2.2,-1.05,0,0,0,0,-1.05,2.2,-1.15,0
0,0,-1.21,2.31,-1.1,0,0,0,0,-1.1,2.31,-1.21,0
0,0,-1.27,2.42,-1.15,0,0,0,0,-1.15,2.42,-1.27,0
0,0,-1.33,2.54,-1.21,0,0,0,0,-1.21,2.54,-1.33,0
0,0,-1.39,2.66,-1.26,0,0,0,0,-1.26,2.66,-1.39,0
0,0,-1.46,2.78,-1.32,0,0,0,0,-1.32,2.78,-1.46,0
0,0,-1.52,2.91,-1.38,0,0,0,0,-1.38,2.91,-1.52,0
0,0,-1.59,3.03,-1.44,0,0,0,0,-1.44,3.03,-1.59,0
0,0,-1.66,3.17,-1.51,0,0,0,0,-1.51,3.17,-1.66,0
0,0,-1.73,3.3,-1.57,0,0,0,0,-1.57,3.3,-1.73,0
0,0,-1.8,3.44,-1.63,0,0,0,0,-1.63,3.44,-1.8,0
0,0,-1.88,3.58,-1.7,0,0,0,0,-1.7,3.58,-1.88,0
0,0,-1.95,3.72,-1.77,0,0,0,0,-1.77,3.72,-1.95,0
0,0,-2.03,3.87,-1.84,0,0,0,0,-1.84,3.87,-2.03,0
0,0,-2.11,4.02,-1.91,0,0,0,0,-1.91,4.02,-2.11,0
0,0,-2.19,4.17,-1.98,0,0,0,0,-1.98,4.17,-2.19,0
0,0,-2.27,4.32,-2.06,0,0,0,0,-2.06,4.32,-2.27,0
0,0,-2.35,4.48,-2.13,0,0,0,0,-2.13,4.48,-2.35,0
0,0,-2.43,4.64,-2.21,0,0,0,0,-2.21,4.64,-2.43,0
0,0,-2.52,4.8,-2.28,0,0,0,0,-2.28,4.8,-2.52,0
0,0,-2.61,4.97,-2.36,0,0,0,0,-2.36,4.97,-2.61,0
0,0,-2.69,5.14,-2.44,0,0,0,0,-2.44,5.14,-2.69,0
0,0,-2.78,5.31,-2.52,0,0,0,0,-2.52,5.31,-2.78,0
0,0,-2.87,5.48,-2.61,0,0,0,0,-2.61,5.48,-2.87,0
0,0,-2.97,5.66,-2.69,0,0,0,0,-2.69,5.66,-2.97,0
0,0,-3.06,5.84,-2.77,0,0,0,0,-2.77,5.84,-3.06,0
0,0,-3.16,6.02,-2.86,0,0,0,0,-2.86,6.02,-3.16,0
0,0,-3.25,6.2,-2.95,0,0,0,0,-2.95,6.2,-3.25,0
0,0,-3.35,6.39,-3.04,0,0,0,0,-3.04,6.39,-3.35,0
0,0,-3.45,6.58,-3.13,0,0,0,0,-3.13,6.58,-3.45,0
0,0,-3.55,6.77,-3.22,0,0,0,0,-3.22,6.77,-3.55,0
0,0,-3.65,6.96,-3.31,0,0,0,0,-3.31,6.96,-3.65,0
0,0,-3.75,7.15,-3.4,0,0,0,0,-3.4,7.15,-3.75,0
0,0,-3.86,7.35,-3.5,0,0,0,0,-3.5,7.35,-3.86,0
0,0,-3.96,7.55,-3.59,0,0,0,0,-3.59,7.55,-3.96,0
0,0,-4.07,7.75,-3.69,0,0,0,0,-3.69,7.75,-4.07,0
0,0,-4.17,7.96,-3.78,0,0,0,0,-3.78,7.96,-4.17,0
0,0,-4.28,8.17,-3.88,0,0,0,0,-3.88,8.17,-4.28,0
0,0,-4.39,8.37,-3.98,0,0,0,0,-3.98,8.37,-4.39,0
0,0,-4.5,8.58,-4.08,0,0,0,0,-4.08,8.58,-4.5,0
0,0,-4.61,8.8,-4.18,0,0,0,0,-4.18,8.8,-4.61,0
0,0,-4.73,9.01,-4.28,0,0,0,0,-4.28,9.01,-4.73,0
0,0,-4.84,9.23,-4.39,0,0,0,0,-4.39,9.23,-4.84,0
0,0,-4.95,9.44,-4.49,0,0,0,0,-4.49,9.44,-4.95,0
0,0,-5.07,9.66,-4.59,0,0,0,0,-4.59,9.66,-5.07,0
0,0,-5.18,9.88,-4.7,0,0,0,0,-4.7,9.88,-5.18,0
0,0,-5.3,10.11,-4.81,0,0,0,0,-4.81,10.11,-5.3,0
0,0,-5.42,10.33,-4.91,0,0,0,0,-4.91,10.33,-5.42,0
0,0,-5.54,10.56,-5.02,0,0,0,0,-5.02,10.56,-5.54,0
0,0,-5.66,10.78,-5.13,0,0,0,0,-5.13,10.78,-5.66,0
0,0,-5.78,11.01,-5.24,0,0,0,0,-5.24,11.01,-5.78,0
0,0,-5.9,11.24,-5.35,0,0,0,0,-5.35,11.24,-5.9,0
0,0,-6.02,11.47,-5.46,0,0,0,0,-5.46,11.47,-6.02,0
0,0,-6.14,11.71,-5.57,0,0,0,0,-5.57,11.71,-6.14,0
0,0,-6.26,11.94,-5.68,0,0,0,0,-5.68,11.94,-6.26,0
0,0,-6.38,12.17,-5.79,0,0,0,0,-5.79,12.17,-6.38,0
0,0,-6.51,12.41,-5.9,0,0,0,0,-5.9,12.41,-6.51,0
0,0,-6.63,12.65,-6.01,0,0,0,0,-6.01,12.65,-6.63,0
0,0,-6.76,12.88,-6.13,0,0,0,0,-6.13,12.88,-6.76,0
0,0,-6.88,13.12,-6.24,0,0,0,0,-6.24,13.12,-6.88,0
0,0,-7.01,13.36,-6.35,0,0,0,0,-6.35,13.36,-7.01,0
0,0,-7.13,13.6,-6.47,0,0,0,0,-6.47,13.6,-7.13,0
0,0,-7.26,13.84,-6.58,0,0,0,0,-6.58,13.84,-7.26,0
0,0,-7.39,14.08,-6.7,0,0,0,0,-6.7,14.08,-7.39,0
0,0,-7.51,14.32,-6.81,0,0,0,0,-6.81,14.32,-7.51,0
0,0,-7.64,14.57,-6.93,0,0,0,0,-6.93,14.57,-7.64,0
0,0,-7.77,14.81,-7.04,0,0,0,0,-7.04,14.81,-7.77,0
0,0,-7.89,15.05,-7.16,0,0,0,0,-7.16,15.05,-7.89,0
0,0,-8.02,15.3,-7.27,0,0,0,0,-7.27,15.3,-8.02,0
0,0,-8.15,15.54,-7.39,0,0,0,0,-7.39,15.54,-8.15,0
0,0,-8.28,15.78,-7.51,0,0,0,0,-7.51,15.78,-8.28,0
0,0,-8.41,16.03,-7.62,0,0,0,0,-7.62,16.03,-8.41,0
0,0,-8.53,16.27,-7.74,0,0,0,0,-7.74,16.27,-8.53,0
0,0,-8.66,16.52,-7.85,0,0,0,0,-7.85,16.52,-8.66,0
0,0,-8.79,16.76,-7.97,0,0,0,0,-7.97,16.76,-8.79,0
0,0,-8.92,17,-8.09,0,0,0,0,-8.09,17,-8.92,0
0,0,-9.05,17.25,-8.2,0,0,0,0,-8.2,17.25,-9.05,0
0,0,-9.17,17.49,-8.32,0,0,0,0,-8.32,17.49,-9.17,0
0,0,-9.3,17.73,-8.43,0,0,0,0,-8.43,17.73,-9.3,0
0,0,-9.43,17.98,-8.55,0,0,0,0,-8.55,17.98,-9.43,0
0,0,-9.56,18.22,-8.66,0,0,0,0,-8.66,18.22,-9.56,0
0,0,-9.68,18.46,-8.78,0,0,0,0,-8.78,18.46,-9.68,0
0,0,-9.81,18.7,-8.89,0,0,0,0,-8.89,18.7,-9.81,0
0,0,-9.94,18.94,-9.01,0,0,0,0,-9.01,18.94,-9.94,0
0,0,-10.06,19.18,-9.12,0,0,0,0,-9.12,19.18,-10.06,0
0,0,-10.19,19.42,-9.24,0,0,0,0,-9.24,19.42,-10.19,0
0,0,-10.31,19.66,-9.35,0,0,0,0,-9.35,19.66,-10.31,0
0,0,-10.44,19.9,-9.46,0,0,0,0,-9.46,19.9,-10.44,0
0,0,-10.56,20.13,-9.57,0,0,0,0,-9.57,20.13,-10.56,0
0,0,-10.68,20.37,-9.69,0,0,0,0,-9.69,20.37,-10.68,0
0,0,-10.81,20.61,-9.8,0,0,0,0,-9.8,20.61,-10.81,0
0,0,-10.93,20.84,-9.91,0,0,0,0,-9.91,20.84,-10.93,0
0,0,-11.05,21.07,-10.02,0,0,0,0,-10.02,21.07,-11.05,0
0,0,-11.17,21.3,-10.13,0,0,0,0,-10.13,21.3,-11.17,0
0,0,-11.29,21.53,-10.24,0,0,0,0,-10.24,21.53,-11.29,0
0,0,-11.41,21.76,-10.35,0,0,0,0,-10.35,21.76,-11.41,0
0,0,-11.53,21.99,-10.46,0,0,0,0,-10.46,21.99,-11.53,0
0,0,-11.65,22.21,-10.56,0,0,0,0,-10.56,22.21,-11.65,0
0,0,-11.77,22.44,-10.67,0,0,0,0,-10.67,22.44,-11.77,0
0,0,-11.88,22.66,-10.78,0,0,0,0,-10.78,22.66,-11.88,0
0,0,-12,22.88,-10.88,0,0,0,0,-10.88,22.88,-12,0
0,0,-12.12,23.1,-10.98,0,0,0,0,-10.98,23.1,-12.12,0
0,0,-12.23,23.32,-11.09,0,0,0,0,-11.09,23.32,-12.23,0
0,0,-12.34,23.53,-11.19,0,0,0,0,-11.19,23.53,-12.34,0
0,0,-12.46,23.75,-11.29,0,0,0,0,-11.29,23.75,-12.46,0
0,0,-12.57,23.96,-11.39,0,0,0,0,-11.39,23.96,-12.57,0
0,0,-12.68,24.17,-11.49,0,0,0,0,-11.49,24.17,-12.68,0
0,0,-12.79,24.38,-11.59,0,0,0,0,-11.59,24.38,-12.79,0
0,0,-12.89,24.59,-11.69,0,0,0,0,-11.69,24.59,-12.89,0
0,0,-13,24.79,-11.79,0,0,0,0,-11.79,24.79,-13,0
0,0,-13.11,24.99,-11.88,0,0,0,0,-11.88,24.99,-13.11,0
0,0,-13.21,25.19,-11.98,0,0,0,0,-11.98,25.19,-13.21,0
0,0,-13.32,25.39,-12.07,0,0,0,0,-12.07,25.39,-13.32,0
0,0,-13.42,25.58,-12.17,0,0,0,0,-12.17,25.58,-13.42,0
0,0,-13.52,25.78,-12.26,0,0,0,0,-12.26,25.78,-13.52,0
0,0,-13.62,25.97,-12.35,0,0,0,0,-12.35,25.97,-13.62,0
0,0,-13.72,26.16,-12.44,0,0,0,0,-12.44,26.16,-13.72,0
0,0,-13.82,26.34,-12.53,0,0,0,0,-12.53,26.34,-13.82,0
0,0,-13.91,26.53,-12.61,0,0,0,0,-12.61,26.53,-13.91,0
0,0,-14.01,26.71,-12.7,0,0,0,0,-12.7,26.71,-14.01,0
0,0,-14.1,26.89,-12.79,0,0,0,0,-12.79,26.89,-14.1,0
0,0,-14.19,27.06,-12.87,0,0,0,0,-12.87,27.06,-14.19,0
0,0,-14.28,27.24,-12.95,0,0,0,0,-12.95,27.24,-14.28,0
0,0,-14.37,27.41,-13.03,0,0,0,0,-13.03,27.41,-14.37,0
0,0,-14.46,27.58,-13.11,0,0,0,0,-13.11,27.58,-14.46,0
0,0,-14.55,27.74,-13.19,0,0,0,0,-13.19,27.74,-14.55,0
0,0,-14.64,27.9,-13.27,0,0,0,0,-13.27,27.9,-14.64,0
0,0,-14.72,28.06,-13.35,0,0,0,0,-13.35,28.06,-14.72,0
0,0,-14.8,28.22,-13.42,0,0,0,0,-13.42,28.22,-14.8,0
0,0,-14.88,28.38,-13.49,0,0,0,0,-13.49,28.38,-14.88,0
0,0,-14.96,28.53,-13.57,0,0,0,0,-13.57,28.53,-14.96,0
0,0,-15.04,28.68,-13.64,0,0,0,0,-13.64,28.68,-15.04,0
0,0,-15.12,28.82,-13.71,0,0,0,0,-13.71,28.82,-15.12,0
0,0,-15.19,28.97,-13.77,0,0,0,0,-13.77,28.97,-15.19,0
0,0,-15.27,29.11,-13.84,0,0,0,0,-13.84,29.11,-15.27,0
0,0,-15.34,29.24,-13.91,0,0,0,0,-13.91,29.24,-15.34,0
0,0,-15.41,29.38,-13.97,0,0,0,0,-13.97,29.38,-15.41,0
0,0,-15.48,29.51,-14.03,0,0,0,0,-14.03,29.51,-15.48,0
0,0,-15.54,29.64,-14.09,0,0,0,0,-14.09,29.64,-15.54,0
0,0,-15.61,29.76,-14.15,0,0,0,0,-14.15,29.76,-15.61,0
0,0,-15.67,29.89,-14.21,0,0,0,0,-14.21,29.89,-15.67,0
0,0,-15.74,30.01,-14.27,0,0,0,0,-14.27,30.01,-15.74,0
0,0,-15.8,30.12,-14.32,0,0,0,0,-14.32,30.12,-15.8,0
0,0,-15.86,30.24,-14.38,0,0,0,0,-14.38,30.24,-15.86,0
0,0,-15.92,30.35,-14.43,0,0,0,0,-14.43,30.35,-15.92,0
0,0,-15.97,30.45,-14.48,0,0,0,0,-14.48,30.45,-15.97,0
0,0,-16.03,30.56,-14.53,0,0,0,0,-14.53,30.56,-16.03,0
0,0,-16.08,30.66,-14.58,0,0,0,0,-14.58,30.66,-16.08,0
0,0,-16.13,30.76,-14.63,0,0,0,0,-14.63,30.76,-16.13,0
0,0,-16.18,30.85,-14.67,0,0,0,0,-14.67,30.85,-16.18,0
0,0,-16.23,30.95,-14.72,0,0,0,0,-14.72,30.95,-16.23,0
0,0,-16.28,31.04,-14.76,0,0,0,0,-14.76,31.04,-16.28,0
0,0,-16.32,31.12,-14.8,0,0,0,0,-14.8,31.12,-16.32,0
0,0,-16.37,31.21,-14.84,0,0,0,0,-14.84,31.21,-16.37,0
0,0,-16.41,31.29,-14.88,0,0,0,0,-14.88,31.29,-16.41,0
0,0,-16.45,31.36,-14.91,0,0,0,0,-14.91,31.36,-16.45,0
0,0,-16.49,31.44,-14.95,0,0,0,0,-14.95,31.44,-16.49,0
0,0,-16.53,31.51,-14.98,0,0,0,0,-14.98,31.51,-16.53,0
0,0,-16.56,31.58,-15.02,0,0,0,0,-15.02,31.58,-16.56,0
0,0,-16.6,31.65,-15.05,0,0,0,0,-15.05,31.65,-16.6,0
0,0,-16.63,31.71,-15.08,0,0,0,0,-15.08,31.71,-16.63,0
0,0,-16.66,31.77,-15.11,0,0,0,0,-15.11,31.77,-16.66,0
0,0,-16.69,31.83,-15.14,0,0,0,0,-15.14,31.83,-16.69,0
0,0,-16.72,31.88,-15.16,0,0,0,0,-15.16,31.88,-16.72,0
0,0,-16.75,31.94,-15.19,0,0,0,0,-15.19,31.94,-16.75,0
0,0,-16.78,31.99,-15.21,0,0,0,0,-15.21,31.99,-16.78,0
0,0,-16.8,32.03,-15.23,0,0,0,0,-15.23,32.03,-16.8,0
0,0,-16.82,32.08,-15.25,0,0,0,0,-15.25,32.08,-16.82,0
0,0,-16.85,32.12,-15.27,0,0,0,0,-15.27,32.12,-16.85,0
0,0,-16.87,32.16,-15.29,0,0,0,0,-15.29,32.16,-16.87,0
0,0,-16.89,32.2,-15.31,0,0,0,0,-15.31,32.2,-16.89,0
0,0,-16.91,32.23,-15.33,0,0,0,0,-15.33,32.23,-16.91,0
0,0,-16.92,32.27,-15.34,0,0,0,0,-15.34,32.27,-16.92,0
0,0,-16.94,32.3,-15.36,0,0,0,0,-15.36,32.3,-16.94,0
0,0,-16.95,32.32,-15.37,0,0,0,0,-15.37,32.32,-16.95,0
0,0,-16.97,32.35,-15.38,0,0,0,0,-15.38,32.35,-16.97,0
0,0,-16.98,32.37,-15.4,0,0,0,0,-15.4,32.37,-16.98,0
0,0,-16.99,32.4,-15.41,0,0,0,0,-15.41,32.4,-16.99,0
0,0,-17,32.42,-15.42,0,0,0,0,-15.42,32.42,-17,0
0,0,-17.01,32.44,-15.42,0,0,0,0,-15.42,32.44,-17.01,0
0,0,-17.02,32.45,-15.43,0,0,0,0,-15.43,32.45,-17.02,0
0,0,-17.03,32.47,-15.44,0,0,0,0,-15.44,32.47,-17.03,0
0,0,-17.03,32.48,-15.45,0,0,0,0,-15.45,32.48,-17.03,0
0,0,-17.04,32.49,-15.45,0,0,0,0,-15.45,32.49,-17.04,0
0,0,-17.05,32.5,-15.46,0,0,0,0,-15.46,32.5,-17.05,0
0,0,-17.05,32.51,-15.46,0,0,0,0,-15.46,32.51,-17.05,0
0,0,-17.05,32.52,-15.46,0,0,0,0,-15.46,32.52,-17.05,0
0,0,-17.06,32.52,-15.47,0,0,0,0,-15.47,32.52,-17.06,0
0,0,-17.06,32.53,-15.47,0,0,0,0,-15.47,32.53,-17.06,0
0,0,-17.06,32.53,-15.47,0,0,0,0,-15.47,32.53,-17.06,0
0,0,-17.06,32.54,-15.47,0,0,0,0,-15.47,32.54,-17.06,0
0,0,-17.07,32.54,-15.47,0,0,0,0,-15.47,32.54,-17.07,0
0,0,-17.07,32.54,-15.47,0,0,0,0,-15.47,32.54,-17.07,0
0,0,-17.07,32.54,-15.47,0,0,0,0,-15.47,32.54,-17.07,0
0,0,-17.07,32.54,-15.48,0,0,0,0,-15.48,32.54,-17.07,0
0,0,-17.07,32.54,-15.48,0,0,0,0,-15.48,32.54,-17.07,0
0,0,-17.07,32.54,-15.48,0,0,0,0,-15.48,32.54,-17.07,0
0,0,-17.07,32.54,-15.48,0,0,0,0,-15.48,32.54,-17.07,0
0,0,-17.07,32.54,-15.48,0,0,0,0,-15.48,32.54,-17.07,0
0,0,-17.07,32.54,-15.48,0,0,0,0,-15.48,32.54,-17.07,0
0,0,-17.07,32.54,-15.48,0,0,0,0,-15.48,32.54,-17.07,0
0,0,-17.07,32.54,-15.48,0,0,0,0,-15.48,32.54,-17.07,0
0,0,-17.07,32.54,-15.48,0,0,0,0,-15.48,32.54,-17.07,0
0,0,-17.07,32.54,-15.48,0,0,0,0,-15.48,32.54,-17.07,0
0,0,-17.07,32.55,-15.48,0,0,0,0,-15.48,32.55,-17.07,0
0,0,-17.07,32.55,-15.48,0,0,0,0,-15.48,32.55,-17.07,0
0,0,-17.07,32.55,-15.48,0,0,0,0,-15.48,32.55,-17.07,0
0,0,-17.07,32.55,-15.48,0,0,0,0,-15.48,32.55,-17.07,0
0,0,-17.07,32.55,-15.48,0,0,0,0,-15.48,32.55,-17.07,0
0,0,-17.07,32.56,-15.48,0,0,0,0,-15.48,32.56,-17.07,0
0,0,-17.08,32.56,-15.48,0,0,0,0,-15.48,32.56,-17.08,0
0,0,-17.08,32.56,-15.48,0,0,0,0,-15.48,32.56,-17.08,0
0,0,-17.08,32.57,-15.49,0,0,0,0,-15.49,32.57,-17.08,0
0,0,-17.08,32.57,-15.49,0,0,0,0,-15.49,32.57,-17.08,0
0,0,-17.09,32.58,-15.49,0,0,0,0,-15.49,32.58,-17.09,0
0,0,-17.09,32.59,-15.5,0,0,0,0,-15.5,32.59,-17.09,0
0,0,-17.09,32.59,-15.5,0,0,0,0,-15.5,32.59,-17.09,0
0,0,-17.1,32.6,-15.5,0,0,0,0,-15.5,32.6,-17.1,0
0,0,-17.1,32.61,-15.51,0,0,0,0,-15.51,32.61,-17.1,0
0,0,-17.11,32.62,-15.51,0,0,0,0,-15.51,32.62,-17.11,0
0,0,-17.12,32.63,-15.52,0,0,0,0,-15.52,32.63,-17.12,0
0,0,-17.12,32.65,-15.52,0,0,0,0,-15.52,32.65,-17.12,0
0,0,-17.13,32.66,-15.53,0,0,0,0,-15.53,32.66,-17.13,0
0,0,-17.14,32.68,-15.54,0,0,0,0,-15.54,32.68,-17.14,0
0,0,-17.15,32.69,-15.55,0,0,0,0,-15.55,32.69,-17.15,0
0,0,-17.15,32.71,-15.55,0,0,0,0,-15.55,32.71,-17.15,0
0,0,-17.16,32.73,-15.56,0,0,0,0,-15.56,32.73,-17.16,0
0,0,-17.17,32.75,-15.57,0,0,0,0,-15.57,32.75,-17.17,0
0,0,-17.18,32.77,-15.58,0,0,0,0,-15.58,32.77,-17.18,0
0,0,-17.2,32.79,-15.59,0,0,0,0,-15.59,32.79,-17.2,0
0,0,-17.21,32.81,-15.6,0,0,0,0,-15.6,32.81,-17.21,0
0,0,-17.22,32.83,-15.61,0,0,0,0,-15.61,32.83,-17.22,0
0,0,-17.23,32.86,-15.63,0,0,0,0,-15.63,32.86,-17.23,0
0,0,-17.25,32.89,-15.64,0,0,0,0,-15.64,32.89,-17.25,0
0,0,-17.26,32.91,-15.65,0,0,0,0,-15.65,32.91,-17.26,0
0,0,-17.28,32.94,-15.67,0,0,0,0,-15.67,32.94,-17.28,0
0,0,-17.29,32.97,-15.68,0,0,0,0,-15.68,32.97,-17.29,0
0,0,-17.31,33.01,-15.69,0,0,0,0,-15.69,33.01,-17.31,0
0,0,-17.33,33.04,-15.71,0,0,0,0,-15.71,33.04,-17.33,0
0,0,-17.35,33.07,-15.73,0,0,0,0,-15.73,33.07,-17.35,0
0,0,-17.37,33.11,-15.74,0,0,0,0,-15.74,33.11,-17.37,0
0,0,-17.39,33.15,-15.76,0,0,0,0,-15.76,33.15,-17.39,0
0,0,-17.41,33.19,-15.78,0,0,0,0,-15.78,33.19,-17.41,0
0,0,-17.43,33.23,-15.8,0,0,0,0,-15.8,33.23,-17.43,0
0,0,-17.45,33.27,-15.82,0,0,0,0,-15.82,33.27,-17.45,0
0,0,-17.47,33.31,-15.84,0,0,0,0,-15.84,33.31,-17.47,0
0,0,-17.5,33.36,-15.86,0,0,0,0,-15.86,33.36,-17.5,0
0,0,-17.52,33.4,-15.88,0,0,0,0,-15.88,33.4,-17.52,0
0,0,-17.54,33.45,-15.9,0,0,0,0,-15.9,33.45,-17.54,0
0,0,-17.57,33.5,-15.93,0,0,0,0,-15.93,33.5,-17.57,0
0,0,-17.6,33.55,-15.95,0,0,0,0,-15.95,33.55,-17.6,0
0,0,-17.62,33.6,-15.98,0,0,0,0,-15.98,33.6,-17.62,0
0,0,-17.65,33.65,-16,0,0,0,0,-16,33.65,-17.65,0
0,0,-17.68,33.71,-16.03,0,0,0,0,-16.03,33.71,-17.68,0
0,0,-17.71,33.76,-16.05,0,0,0,0,-16.05,33.76,-17.71,0
0,0,-17.74,33.82,-16.08,0,0,0,0,-16.08,33.82,-17.74,0
0,0,-17.77,33.88,-16.11,0,0,0,0,-16.11,33.88,-17.77,0
0,0,-17.8,33.94,-16.14,0,0,0,0,-16.14,33.94,-17.8,0
0,0,-17.83,34,-16.16,0,0,0,0,-16.16,34,-17.83,0
0,0,-17.87,34.06,-16.19,0,0,0,0,-16.19,34.06,-17.87,0
0,0,-17.9,34.12,-16.22,0,0,0,0,-16.22,34.12,-17.9,0
0,0,-17.93,34.19,-16.26,0,0,0,0,-16.26,34.19,-17.93,0
0,0,-17.97,34.25,-16.29,0,0,0,0,-16.29,34.25,-17.97,0
0,0,-18,34.32,-16.32,0,0,0,0,-16.32,34.32,-18,0
0,0,-18.04,34.39,-16.35,0,0,0,0,-16.35,34.39,-18.04,0
0,0,-18.08,34.46,-16.38,0,0,0,0,-16.38,34.46,-18.08,0
0,0,-18.11,34.53,-16.42,0,0,0,0,-16.42,34.53,-18.11,0
0,0,-18.15,34.6,-16.45,0,0,0,0,-16.45,34.6,-18.15,0
0,0,-18.19,34.68,-16.49,0,0,0,0,-16.49,34.68,-18.19,0
0,0,-18.23,34.75,-16.52,0,0,0,0,-16.52,34.75,-18.23,0
0,0,-18.27,34.83,-16.56,0,0,0,0,-16.56,34.83,-18.27,0
0,0,-18.31,34.9,-16.59,0,0,0,0,-16.59,34.9,-18.31,0
0,0,-18.35,34.98,-16.63,0,0,0,0,-16.63,34.98,-18.35,0
0,0,-18.39,35.06,-16.67,0,0,0,0,-16.67,35.06,-18.39,0
0,0,-18.43,35.14,-16.71,0,0,0,0,-16.71,35.14,-18.43,0
0,0,-18.48,35.22,-16.75,0,0,0,0,-16.75,35.22,-18.48,0
0,0,-18.52,35.3,-16.78,0,0,0,0,-16.78,35.3,-18.52,0
0,0,-18.56,35.39,-16.82,0,0,0,0,-16.82,35.39,-18.56,0
0,0,-18.61,35.47,-16.86,0,0,0,0,-16.86,35.47,-18.61,0
0,0,-18.65,35.56,-16.9,0,0,0,0,-16.9,35.56,-18.65,0
0,0,-18.7,35.64,-16.94,0,0,0,0,-16.94,35.64,-18.7,0
0,0,-18.74,35.73,-16.99,0,0,0,0,-16.99,35.73,-18.74,0
0,0,-18.79,35.82,-17.03,0,0,0,0,-17.03,35.82,-18.79,0
0,0,-18.84,35.91,-17.07,0,0,0,0,-17.07,35.91,-18.84,0
0,0,-18.88,36,-17.11,0,0,0,0,-17.11,36,-18.88,0
0,0,-18.93,36.09,-17.15,0,0,0,0,-17.15,36.09,-18.93,0
0,0,-18.98,36.18,-17.2,0,0,0,0,-17.2,36.18,-18.98,0
0,0,-19.03,36.27,-17.24,0,0,0,0,-17.24,36.27,-19.03,0
0,0,-19.08,36.36,-17.28,0,0,0,0,-17.28,36.36,-19.08,0
0,0,-19.13,36.45,-17.33,0,0,0,0,-17.33,36.45,-19.13,0
0,0,-19.17,36.55,-17.37,0,0,0,0,-17.37,36.55,-19.17,0
0,0,-19.22,36.64,-17.42,0,0,0,0,-17.42,36.64,-19.22,0
0,0,-19.27,36.74,-17.46,0,0,0,0,-17.46,36.74,-19.27,0
0,0,-19.32,36.83,-17.51,0,0,0,0,-17.51,36.83,-19.32,0
0,0,-19.38,36.93,-17.55,0,0,0,0,-17.55,36.93,-19.38,0
0,0,-19.43,37.02,-17.6,0,0,0,0,-17.6,37.02,-19.43,0
0,0,-19.48,37.12,-17.64,0,0,0,0,-17.64,37.12,-19.48,0
0,0,-19.53,37.22,-17.69,0,0,0,0,-17.69,37.22,-19.53,0
0,0,-19.58,37.32,-17.74,0,0,0,0,-17.74,37.32,-19.58,0
0,0,-19.63,37.42,-17.78,0,0,0,0,-17.78,37.42,-19.63,0
0,0,-19.68,37.52,-17.83,0,0,0,0,-17.83,37.52,-19.68,0
0,0,-19.74,37.61,-17.88,0,0,0,0,-17.88,37.61,-19.74,0
0,0,-19.79,37.71,-17.93,0,0,0,0,-17.93,37.71,-19.79,0
0,0,-19.84,37.81,-17.97,0,0,0,0,-17.97,37.81,-19.84,0
0,0,-19.89,37.91,-18.02,0,0,0,0,-18.02,37.91,-19.89,0
0,0,-19.95,38.01,-18.07,0,0,0,0,-18.07,38.01,-19.95,0
0,0,-20,38.11,-18.12,0,0,0,0,-18.12,38.11,-20,0
0,0,-20.05,38.22,-18.16,0,0,0,0,-18.16,38.22,-20.05,0
0,0,-20.11,38.32,-18.21,0,0,0,0,-18.21,38.32,-20.11,0
0,0,-20.16,38.42,-18.26,0,0,0,0,-18.26,38.42,-20.16,0
0,0,-20.21,38.52,-18.31,0,0,0,0,-18.31,38.52,-20.21,0
0,0,-20.27,38.62,-18.35,0,0,0,0,-18.35,38.62,-20.27,0
0,0,-20.32,38.72,-18.4,0,0,0,0,-18.4,38.72,-20.32,0
0,0,-20.37,38.82,-18.45,0,0,0,0,-18.45,38.82,-20.37,0
0,0,-20.43,38.93,-18.5,0,0,0,0,-18.5,38.93,-20.43,0
0,0,-20.48,39.03,-18.55,0,0,0,0,-18.55,39.03,-20.48,0
0,0,-20.53,39.13,-18.59,0,0,0,0,-18.59,39.13,-20.53,0
0,0,-20.59,39.23,-18.64,0,0,0,0,-18.64,39.23,-20.59,0
0,0,-20.64,39.33,-18.69,0,0,0,0,-18.69,39.33,-20.64,0
0,0,-20.69,39.43,-18.74,0,0,0,0,-18.74,39.43,-20.69,0
0,0,-20.75,39.53,-18.79,0,0,0,0,-18.79,39.53,-20.75,0
0,0,-20.8,39.63,-18.83,0,0,0,0,-18.83,39.63,-20.8,0
0,0,-20.85,39.74,-18.88,0,0,0,0,-18.88,39.74,-20.85,0
0,0,-20.91,39.84,-18.93,0,0,0,0,-18.93,39.84,-20.91,0
0,0,-20.96,39.94,-18.98,0,0,0,0,-18.98,39.94,-20.96,0
0,0,-21.01,40.04,-19.02,0,0,0,0,-19.02,40.04,-21.01,0
0,0,-21.06,40.14,-19.07,0,0,0,0,-19.07,40.14,-21.06,0
0,0,-21.12,40.24,-19.12,0,0,0,0,-19.12,40.24,-21.12,0
0,0,-21.17,40.33,-19.17,0,0,0,0,-19.17,40.33,-21.17,0
0,0,-21.22,40.43,-19.21,0,0,0,0,-19.21,40.43,-21.22,0
0,0,-21.27,40.53,-19.26,0,0,0,0,-19.26,40.53,-21.27,0
0,0,-21.33,40.63,-19.31,0,0,0,0,-19.31,40.63,-21.33,0
0,0,-21.38,40.73,-19.35,0,0,0,0,-19.35,40.73,-21.38,0
0,0,-21.43,40.83,-19.4,0,0,0,0,-19.4,40.83,-21.43,0
0,0,-21.48,40.92,-19.44,0,0,0,0,-19.44,40.92,-21.48,0
0,0,-21.53,41.02,-19.49,0,0,0,0,-19.49,41.02,-21.53,0
0,0,-21.58,41.11,-19.53,0,0,0,0,-19.53,41.11,-21.58,0
0,0,-21.63,41.21,-19.58,0,0,0,0,-19.58,41.21,-21.63,0
0,0,-21.68,41.3,-19.62,0,0,0,0,-19.62,41.3,-21.68,0
0,0,-21.73,41.4,-19.67,0,0,0,0,-19.67,41.4,-21.73,0
0,0,-21.78,41.49,-19.71,0,0,0,0,-19.71,41.49,-21.78,0
0,0,-21.83,41.58,-19.76,0,0,0,0,-19.76,41.58,-21.83,0
0,0,-21.88,41.68,-19.8,0,0,0,0,-19.8,41.68,-21.88,0
0,0,-21.93,41.77,-19.84,0,0,0,0,-19.84,41.77,-21.93,0
0,0,-21.97,41.86,-19.89,0,0,0,0,-19.89,41.86,-21.97,0
0,0,-22.02,41.95,-19.93,0,0,0,0,-19.93,41.95,-22.02,0
0,0,-22.07,42.04,-19.97,0,0,0,0,-19.97,42.04,-22.07,0
0,0,-22.12,42.13,-20.01,0,0,0,0,-20.01,42.13,-22.12,0
0,0,-22.16,42.22,-20.06,0,0,0,0,-20.06,42.22,-22.16,0
0,0,-22.21,42.3,-20.1,0,0,0,0,-20.1,42.3,-22.21,0
0,0,-22.25,42.39,-20.14,0,0,0,0,-20.14,42.39,-22.25,0
0,0,-22.3,42.48,-20.18,0,0,0,0,-20.18,42.48,-22.3,0
0,0,-22.34,42.56,-20.22,0,0,0,0,-20.22,42.56,-22.34,0
0,0,-22.39,42.65,-20.26,0,0,0,0,-20.26,42.65,-22.39,0
0,0,-22.43,42.73,-20.3,0,0,0,0,-20.3,42.73,-22.43,0
0,0,-22.48,42.81,-20.34,0,0,0,0,-20.34,42.81,-22.48,0
0,0,-22.52,42.89,-20.38,0,0,0,0,-20.38,42.89,-22.52,0
0,0,-22.56,42.98,-20.41,0,0,0,0,-20.41,42.98,-22.56,0
0,0,-22.6,43.06,-20.45,0,0,0,0,-20.45,43.06,-22.6,0
0,0,-22.65,43.13,-20.49,0,0,0,0,-20.49,43.13,-22.65,0
0,0,-22.69,43.21,-20.53,0,0,0,0,-20.53,43.21,-22.69,0
0,0,-22.73,43.29,-20.56,0,0,0,0,-20.56,43.29,-22.73,0
0,0,-22.77,43.37,-20.6,0,0,0,0,-20.6,43.37,-22.77,0
0,0,-22.81,43.44,-20.63,0,0,0,0,-20.63,43.44,-22.81,0
0,0,-22.85,43.52,-20.67,0,0,0,0,-20.67,43.52,-22.85,0
0,0,-22.89,43.59,-20.7,0,0,0,0,-20.7,43.59,-22.89,0
0,0,-22.92,43.66,-20.74,0,0,0,0,-20.74,43.66,-22.92,0
0,0,-22.96,43.73,-20.77,0,0,0,0,-20.77,43.73,-22.96,0
0,0,-23,43.8,-20.81,0,0,0,0,-20.81,43.8,-23,0
0,0,-23.04,43.87,-20.84,0,0,0,0,-20.84,43.87,-23.04,0
0,0,-23.07,43.94,-20.87,0,0,0,0,-20.87,43.94,-23.07,0
0,0,-23.11,44.01,-20.9,0,0,0,0,-20.9,44.01,-23.11,0
0,0,-23.14,44.08,-20.93,0,0,0,0,-20.93,44.08,-23.14,0
0,0,-23.18,44.14,-20.96,0,0,0,0,-20.96,44.14,-23.18,0
0,0,-23.21,44.21,-20.99,0,0,0,0,-20.99,44.21,-23.21,0
0,0,-23.24,44.27,-21.02,0,0,0,0,-21.02,44.27,-23.24,0
0,0,-23.28,44.33,-21.05,0,0,0,0,-21.05,44.33,-23.28,0
0,0,-23.31,44.39,-21.08,0,0,0,0,-21.08,44.39,-23.31,0
0,0,-23.34,44.45,-21.11,0,0,0,0,-21.11,44.45,-23.34,0
0,0,-23.37,44.51,-21.14,0,0,0,0,-21.14,44.51,-23.37,0
0,0,-23.4,44.57,-21.17,0,0,0,0,-21.17,44.57,-23.4,0
0,0,-23.43,44.62,-21.19,0,0,0,0,-21.19,44.62,-23.43,0
0,0,-23.46,44.68,-21.22,0,0,0,0,-21.22,44.68,-23.46,0
0,0,-23.49,44.73,-21.24,0,0,0,0,-21.24,44.73,-23.49,0
0,0,-23.52,44.79,-21.27,0,0,0,0,-21.27,44.79,-23.52,0
0,0,-23.55,44.84,-21.29,0,0,0,0,-21.29,44.84,-23.55,0
0,0,-23.57,44.89,-21.32,0,0,0,0,-21.32,44.89,-23.57,0
0,0,-23.6,44.94,-21.34,0,0,0,0,-21.34,44.94,-23.6,0
0,0,-23.62,44.99,-21.36,0,0,0,0,-21.36,44.99,-23.62,0
0,0,-23.65,45.04,-21.39,0,0,0,0,-21.39,45.04,-23.65,0
0,0,-23.67,45.08,-21.41,0,0,0,0,-21.41,45.08,-23.67,0
0,0,-23.7,45.13,-21.43,0,0,0,0,-21.43,45.13,-23.7,0
0,0,-23.72,45.17,-21.45,0,0,0,0,-21.45,45.17,-23.72,0
0,0,-23.74,45.22,-21.47,0,0,0,0,-21.47,45.22,-23.74,0
0,0,-23.77,45.26,-21.49,0,0,0,0,-21.49,45.26,-23.77,0
0,0,-23.79,45.3,-21.51,0,0,0,0,-21.51,45.3,-23.79,0
0,0,-23.81,45.34,-21.53,0,0,0,0,-21.53,45.34,-23.81,0
0,0,-23.83,45.38,-21.55,0,0,0,0,-21.55,45.38,-23.83,0
0,0,-23.85,45.41,-21.57,0,0,0,0,-21.57,45.41,-23.85,0
0,0,-23.87,45.45,-21.58,0,0,0,0,-21.58,45.45,-23.87,0
0,0,-23.89,45.49,-21.6,0,0,0,0,-21.6,45.49,-23.89,0
0,0,-23.9,45.52,-21.62,0,0,0,0,-21.62,45.52,-23.9,0
0,0,-23.92,45.55,-21.63,0,0,0,0,-21.63,45.55,-23.92,0
0,0,-23.94,45.58,-21.65,0,0,0,0,-21.65,45.58,-23.94,0
0,0,-23.95,45.61,-21.66,0,0,0,0,-21.66,45.61,-23.95,0
0,0,-23.97,45.64,-21.67,0,0,0,0,-21.67,45.64,-23.97,0
0,0,-23.99,45.67,-21.69,0,0,0,0,-21.69,45.67,-23.99,0
0,0,-24,45.7,-21.7,0,0,0,0,-21.7,45.7,-24,0
0,0,-24.01,45.73,-21.71,0,0,0,0,-21.71,45.73,-24.01,0
0,0,-24.03,45.75,-21.73,0,0,0,0,-21.73,45.75,-24.03,0
0,0,-24.04,45.78,-21.74,0,0,0,0,-21.74,45.78,-24.04,0
0,0,-24.05,45.8,-21.75,0,0,0,0,-21.75,45.8,-24.05,0
0,0,-24.06,45.82,-21.76,0,0,0,0,-21.76,45.82,-24.06,0
0,0,-24.08,45.84,-21.77,0,0,0,0,-21.77,45.84,-24.08,0
0,0,-24.09,45.86,-21.78,0,0,0,0,-21.78,45.86,-24.09,0
0,0,-24.1,45.88,-21.79,0,0,0,0,-21.79,45.88,-24.1,0
0,0,-24.11,45.9,-21.8,0,0,0,0,-21.8,45.9,-24.11,0
0,0,-24.12,45.92,-21.8,0,0,0,0,-21.8,45.92,-24.12,0
0,0,-24.12,45.94,-21.81,0,0,0,0,-21.81,45.94,-24.12,0
0,0,-24.13,45.95,-21.82,0,0,0,0,-21.82,45.95,-24.13,0
0,0,-24.14,45.97,-21.83,0,0,0,0,-21.83,45.97,-24.14,0
0,0,-24.15,45.98,-21.83,0,0,0,0,-21.83,45.98,-24.15,0
0,0,-24.15,45.99,-21.84,0,0,0,0,-21.84,45.99,-24.15,0
0,0,-24.16,46.01,-21.84,0,0,0,0,-21.84,46.01,-24.16,0
0,0,-24.17,46.02,-21.85,0,0,0,0,-21.85,46.02,-24.17,0
0,0,-24.17,46.03,-21.86,0,0,0,0,-21.86,46.03,-24.17,0
0,0,-24.18,46.04,-21.86,0,0,0,0,-21.86,46.04,-24.18,0
0,0,-24.18,46.05,-21.86,0,0,0,0,-21.86,46.05,-24.18,0
0,0,-24.19,46.05,-21.87,0,0,0,0,-21.87,46.05,-24.19,0
0,0,-24.19,46.06,-21.87,0,0,0,0,-21.87,46.06,-24.19,0
0,0,-24.19,46.07,-21.87,0,0,0,0,-21.87,46.07,-24.19,0
0,0,-24.2,46.08,-21.88,0,0,0,0,-21.88,46.08,-24.2,0
0,0,-24.2,46.08,-21.88,0,0,0,0,-21.88,46.08,-24.2,0
0,0,-24.2,46.09,-21.88,0,0,0,0,-21.88,46.09,-24.2,0
0,0,-24.21,46.09,-21.88,0,0,0,0,-21.88,46.09,-24.21,0
0,0,-24.21,46.09,-21.89,0,0,0,0,-21.89,46.09,-24.21,0
0,0,-24.21,46.1,-21.89,0,0,0,0,-21.89,46.1,-24.21,0
0,0,-24.21,46.1,-21.89,0,0,0,0,-21.89,46.1,-24.21,0
0,0,-24.21,46.1,-21.89,0,0,0,0,-21.89,46.1,-24.21,0
0,0,-24.21,46.11,-21.89,0,0,0,0,-21.89,46.11,-24.21,0
0,0,-24.21,46.11,-21.89,0,0,0,0,-21.89,46.11,-24.21,0
0,0,-24.22,46.11,-21.89,0,0,0,0,-21.89,46.11,-24.22,0
0,0,-24.22,46.11,-21.89,0,0,0,0,-21.89,46.11,-24.22,0
0,0,-24.22,46.11,-21.89,0,0,0,0,-21.89,46.11,-24.22,0
0,0,-24.22,46.11,-21.89,0,0,0,0,-21.89,46.11,-24.22,0
0,0,-24.22,46.11,-21.89,0,0,0,0,-21.89,46.11,-24.22,0
0,0,-24.22,46.11,-21.89,0,0,0,0,-21.89,46.11,-24.22,0
0,0,-24.22,46.11,-21.89,0,0,0,0,-21.89,46.11,-24.22,0
0,0,-24.22,46.11,-21.89,0,0,0,0,-21.89,46.11,-24.22,0
0,0,-24.22,46.11,-21.89,0,0,0,0,-21.89,46.11,-24.22,0
0,0,-24.22,46.11,-21.89,0,0,0,0,-21.89,46.11,-24.22,0
0,0,-24.22,46.11,-21.89,0,0,0,0,-21.89,46.11,-24.22,0
0,0,-24.22,46.11,-21.89,0,0,0,0,-21.89,46.11,-24.22,0
0,0,-24.22,46.11,-21.89,0,0,0,0,-21.89,46.11,-24.22,0
0,0,-24.22,46.11,-21.89,0,0,0,0,-21.89,46.11,-24.22,0
0,0,-24.22,46.11,-21.89,0,0,0,0,-21.89,46.11,-24.22,0
0,0,-24.22,46.11,-21.89,0,0,0,0,-21.89,46.11,-24.22,0
0,0,-24.22,46.11,-21.89,0,0,0,0,-21.89,46.11,-24.22,0
0,0,-24.22,46.11,-21.89,0,0,0,0,-21.89,46.11,-24.22,0
0,0,-24.22,46.11,-21.89,0,0,0,0,-21.89,46.11,-24.22,0
0,0,-24.22,46.11,-21.89,0,0,0,0,-21.89,46.11,-24.22,0
0,0,-24.21,46.11,-21.89,0,0,0,0,-21.89,46.11,-24.21,0
0,0,-24.21,46.11,-21.89,0,0,0,0,-21.89,46.11,-24.21,0
0,0,-24.21,46.11,-21.89,0,0,0,0,-21.89,46.11,-24.21,0
0,0,-24.21,46.1,-21.89,0,0,0,0,-21.89,46.1,-24.21,0
0,0,-24.21,46.1,-21.89,0,0,0,0,-21.89,46.1,-24.21,0
0,0,-24.21,46.1,-21.89,0,0,0,0,-21.89,46.1,-24.21,0
0,0,-24.21,46.1,-21.89,0,0,0,0,-21.89,46.1,-24.21,0
0,0,-24.21,46.1,-21.89,0,0,0,0,-21.89,46.1,-24.21,0
0,0,-24.21,46.1,-21.89,0,0,0,0,-21.89,46.1,-24.21,0
0,0,-24.21,46.09,-21.89,0,0,0,0,-21.89,46.09,-24.21,0
0,0,-24.21,46.09,-21.89,0,0,0,0,-21.89,46.09,-24.21,0
0,0,-24.2,46.09,-21.88,0,0,0,0,-21.88,46.09,-24.2,0
0,0,-24.2,46.09,-21.88,0,0,0,0,-21.88,46.09,-24.2,0
0,0,-24.2,46.08,-21.88,0,0,0,0,-21.88,46.08,-24.2,0
0,0,-24.2,46.08,-21.88,0,0,0,0,-21.88,46.08,-24.2,0
0,0,-24.2,46.08,-21.88,0,0,0,0,-21.88,46.08,-24.2,0
0,0,-24.2,46.07,-21.88,0,0,0,0,-21.88,46.07,-24.2,0
0,0,-24.19,46.07,-21.87,0,0,0,0,-21.87,46.07,-24.19,0
0,0,-24.19,46.06,-21.87,0,0,0,0,-21.87,46.06,-24.19,0
0,0,-24.19,46.06,-21.87,0,0,0,0,-21.87,46.06,-24.19,0
0,0,-24.19,46.05,-21.87,0,0,0,0,-21.87,46.05,-24.19,0
0,0,-24.18,46.05,-21.86,0,0,0,0,-21.86,46.05,-24.18,0
0,0,-24.18,46.04,-21.86,0,0,0,0,-21.86,46.04,-24.18,0
0,0,-24.18,46.04,-21.86,0,0,0,0,-21.86,46.04,-24.18,0
0,0,-24.17,46.03,-21.86,0,0,0,0,-21.86,46.03,-24.17,0
0,0,-24.17,46.02,-21.85,0,0,0,0,-21.85,46.02,-24.17,0
0,0,-24.17,46.02,-21.85,0,0,0,0,-21.85,46.02,-24.17,0
0,0,-24.16,46.01,-21.85,0,0,0,0,-21.85,46.01,-24.16,0
0,0,-24.16,46,-21.84,0,0,0,0,-21.84,46,-24.16,0
0,0,-24.15,45.99,-21.84,0,0,0,0,-21.84,45.99,-24.15,0
0,0,-24.15,45.99,-21.84,0,0,0,0,-21.84,45.99,-24.15,0
0,0,-24.15,45.98,-21.83,0,0,0,0,-21.83,45.98,-24.15,0
0,0,-24.14,45.97,-21.83,0,0,0,0,-21.83,45.97,-24.14,0
0,0,-24.14,45.96,-21.82,0,0,0,0,-21.82,45.96,-24.14,0
0,0,-24.13,45.95,-21.82,0,0,0,0,-21.82,45.95,-24.13,0
0,0,-24.13,45.94,-21.81,0,0,0,0,-21.81,45.94,-24.13,0
0,0,-24.12,45.93,-21.81,0,0,0,0,-21.81,45.93,-24.12,0
0,0,-24.11,45.92,-21.8,0,0,0,0,-21.8,45.92,-24.11,0
0,0,-24.11,45.91,-21.8,0,0,0,0,-21.8,45.91,-24.11,0
0,0,-24.1,45.89,-21.79,0,0,0,0,-21.79,45.89,-24.1,0
0,0,-24.1,45.88,-21.79,0,0,0,0,-21.79,45.88,-24.1,0
0,0,-24.09,45.87,-21.78,0,0,0,0,-21.78,45.87,-24.09,0
0,0,-24.08,45.86,-21.77,0,0,0,0,-21.77,45.86,-24.08,0
0,0,-24.07,45.84,-21.77,0,0,0,0,-21.77,45.84,-24.07,0
0,0,-24.07,45.83,-21.76,0,0,0,0,-21.76,45.83,-24.07,0
0,0,-24.06,45.81,-21.75,0,0,0,0,-21.75,45.81,-24.06,0
0,0,-24.05,45.8,-21.75,0,0,0,0,-21.75,45.8,-24.05,0
0,0,-24.04,45.78,-21.74,0,0,0,0,-21.74,45.78,-24.04,0
0,0,-24.04,45.77,-21.73,0,0,0,0,-21.73,45.77,-24.04,0
0,0,-24.03,45.75,-21.73,0,0,0,0,-21.73,45.75,-24.03,0
0,0,-24.02,45.74,-21.72,0,0,0,0,-21.72,45.74,-24.02,0
0,0,-24.01,45.72,-21.71,0,0,0,0,-21.71,45.72,-24.01,0
0,0,-24,45.7,-21.7,0,0,0,0,-21.7,45.7,-24,0
0,0,-23.99,45.68,-21.69,0,0,0,0,-21.69,45.68,-23.99,0
0,0,-23.98,45.66,-21.68,0,0,0,0,-21.68,45.66,-23.98,0
0,0,-23.97,45.65,-21.67,0,0,0,0,-21.67,45.65,-23.97,0
0,0,-23.96,45.63,-21.67,0,0,0,0,-21.67,45.63,-23.96,0
0,0,-23.95,45.61,-21.66,0,0,0,0,-21.66,45.61,-23.95,0
0,0,-23.94,45.59,-21.65,0,0,0,0,-21.65,45.59,-23.94,0
0,0,-23.93,45.56,-21.64,0,0,0,0,-21.64,45.56,-23.93,0
0,0,-23.92,45.54,-21.63,0,0,0,0,-21.63,45.54,-23.92,0
0,0,-23.91,45.52,-21.62,0,0,0,0,-21.62,45.52,-23.91,0
0,0,-23.89,45.5,-21.61,0,0,0,0,-21.61,45.5,-23.89,0
0,0,-23.88,45.48,-21.59,0,0,0,0,-21.59,45.48,-23.88,0
0,0,-23.87,45.45,-21.58,0,0,0,0,-21.58,45.45,-23.87,0
0,0,-23.86,45.43,-21.57,0,0,0,0,-21.57,45.43,-23.86,0
0,0,-23.84,45.4,-21.56,0,0,0,0,-21.56,45.4,-23.84,0
0,0,-23.83,45.38,-21.55,0,0,0,0,-21.55,45.38,-23.83,0
0,0,-23.82,45.35,-21.54,0,0,0,0,-21.54,45.35,-23.82,0
0,0,-23.8,45.33,-21.52,0,0,0,0,-21.52,45.33,-23.8,0
0,0,-23.79,45.3,-21.51,0,0,0,0,-21.51,45.3,-23.79,0
0,0,-23.77,45.27,-21.5,0,0,0,0,-21.5,45.27,-23.77,0
0,0,-23.76,45.25,-21.49,0,0,0,0,-21.49,45.25,-23.76,0
0,0,-23.74,45.22,-21.47,0,0,0,0,-21.47,45.22,-23.74,0
0,0,-23.73,45.19,-21.46,0,0,0,0,-21.46,45.19,-23.73,0
0,0,-23.71,45.16,-21.45,0,0,0,0,-21.45,45.16,-23.71,0
0,0,-23.7,45.13,-21.43,0,0,0,0,-21.43,45.13,-23.7,0
0,0,-23.68,45.1,-21.42,0,0,0,0,-21.42,45.1,-23.68,0
0,0,-23.67,45.07,-21.4,0,0,0,0,-21.4,45.07,-23.67,0
0,0,-23.65,45.04,-21.39,0,0,0,0,-21.39,45.04,-23.65,0
0,0,-23.63,45,-21.37,0,0,0,0,-21.37,45,-23.63,0
0,0,-23.61,44.97,-21.36,0,0,0,0,-21.36,44.97,-23.61,0
0,0,-23.6,44.94,-21.34,0,0,0,0,-21.34,44.94,-23.6,0
0,0,-23.58,44.9,-21.32,0,0,0,0,-21.32,44.9,-23.58,0
0,0,-23.56,44.87,-21.31,0,0,0,0,-21.31,44.87,-23.56,0
0,0,-23.54,44.83,-21.29,0,0,0,0,-21.29,44.83,-23.54,0
0,0,-23.52,44.8,-21.27,0,0,0,0,-21.27,44.8,-23.52,0
0,0,-23.5,44.76,-21.26,0,0,0,0,-21.26,44.76,-23.5,0
0,0,-23.48,44.73,-21.24,0,0,0,0,-21.24,44.73,-23.48,0
0,0,-23.47,44.69,-21.22,0,0,0,0,-21.22,44.69,-23.47,0
0,0,-23.45,44.65,-21.2,0,0,0,0,-21.2,44.65,-23.45,0
0,0,-23.42,44.61,-21.19,0,0,0,0,-21.19,44.61,-23.42,0
0,0,-23.4,44.57,-21.17,0,0,0,0,-21.17,44.57,-23.4,0
0,0,-23.38,44.53,-21.15,0,0,0,0,-21.15,44.53,-23.38,0
0,0,-23.36,44.49,-21.13,0,0,0,0,-21.13,44.49,-23.36,0
0,0,-23.34,44.45,-21.11,0,0,0,0,-21.11,44.45,-23.34,0
0,0,-23.32,44.41,-21.09,0,0,0,0,-21.09,44.41,-23.32,0
0,0,-23.3,44.37,-21.07,0,0,0,0,-21.07,44.37,-23.3,0
0,0,-23.27,44.33,-21.05,0,0,0,0,-21.05,44.33,-23.27,0
0,0,-23.25,44.28,-21.03,0,0,0,0,-21.03,44.28,-23.25,0
0,0,-23.23,44.24,-21.01,0,0,0,0,-21.01,44.24,-23.23,0
0,0,-23.2,44.19,-20.99,0,0,0,0,-20.99,44.19,-23.2,0
0,0,-23.18,44.15,-20.97,0,0,0,0,-20.97,44.15,-23.18,0
0,0,-23.16,44.1,-20.95,0,0,0,0,-20.95,44.1,-23.16,0
0,0,-23.13,44.06,-20.92,0,0,0,0,-20.92,44.06,-23.13,0
0,0,-23.11,44.01,-20.9,0,0,0,0,-20.9,44.01,-23.11,0
0,0,-23.08,43.96,-20.88,0,0,0,0,-20.88,43.96,-23.08,0
0,0,-23.06,43.91,-20.86,0,0,0,0,-20.86,43.91,-23.06,0
0,0,-23.03,43.87,-20.83,0,0,0,0,-20.83,43.87,-23.03,0
0,0,-23.01,43.82,-20.81,0,0,0,0,-20.81,43.82,-23.01,0
0,0,-22.98,43.77,-20.79,0,0,0,0,-20.79,43.77,-22.98,0
0,0,-22.95,43.72,-20.76,0,0,0,0,-20.76,43.72,-22.95,0
0,0,-22.93,43.66,-20.74,0,0,0,0,-20.74,43.66,-22.93,0
0,0,-22.9,43.61,-20.72,0,0,0,0,-20.72,43.61,-22.9,0
0,0,-22.87,43.56,-20.69,0,0,0,0,-20.69,43.56,-22.87,0
0,0,-22.84,43.51,-20.67,0,0,0,0,-20.67,43.51,-22.84,0
0,0,-22.81,43.45,-20.64,0,0,0,0,-20.64,43.45,-22.81,0
0,0,-22.79,43.4,-20.61,0,0,0,0,-20.61,43.4,-22.79,0
0,0,-22.76,43.35,-20.59,0,0,0,0,-20.59,43.35,-22.76,0
0,0,-22.73,43.29,-20.56,0,0,0,0,-20.56,43.29,-22.73,0
0,0,-22.7,43.23,-20.54,0,0,0,0,-20.54,43.23,-22.7,0
0,0,-22.67,43.18,-20.51,0,0,0,0,-20.51,43.18,-22.67,0
0,0,-22.64,43.12,-20.48,0,0,0,0,-20.48,43.12,-22.64,0
0,0,-22.61,43.06,-20.45,0,0,0,0,-20.45,43.06,-22.61,0
0,0,-22.58,43,-20.43,0,0,0,0,-20.43,43,-22.58,0
0,0,-22.55,42.95,-20.4,0,0,0,0,-20.4,42.95,-22.55,0
0,0,-22.51,42.89,-20.37,0,0,0,0,-20.37,42.89,-22.51,0
0,0,-22.48,42.83,-20.34,0,0,0,0,-20.34,42.83,-22.48,0
0,0,-22.45,42.76,-20.31,0,0,0,0,-20.31,42.76,-22.45,0
0,0,-22.42,42.7,-20.28,0,0,0,0,-20.28,42.7,-22.42,0
0,0,-22.38,42.64,-20.26,0,0,0,0,-20.26,42.64,-22.38,0
0,0,-22.35,42.58,-20.23,0,0,0,0,-20.23,42.58,-22.35,0
0,0,-22.32,42.51,-20.2,0,0,0,0,-20.2,42.51,-22.32,0
0,0,-22.28,42.45,-20.17,0,0,0,0,-20.17,42.45,-22.28,0
0,0,-22.25,42.39,-20.14,0,0,0,0,-20.14,42.39,-22.25,0
0,0,-22.22,42.32,-20.1,0,0,0,0,-20.1,42.32,-22.22,0
0,0,-22.18,42.25,-20.07,0,0,0,0,-20.07,42.25,-22.18,0
0,0,-22.15,42.19,-20.04,0,0,0,0,-20.04,42.19,-22.15,0
0,0,-22.11,42.12,-20.01,0,0,0,0,-20.01,42.12,-22.11,0
0,0,-22.08,42.05,-19.98,0,0,0,0,-19.98,42.05,-22.08,0
0,0,-22.04,41.99,-19.95,0,0,0,0,-19.95,41.99,-22.04,0
0,0,-22,41.92,-19.91,0,0,0,0,-19.91,41.92,-22,0
0,0,-21.97,41.85,-19.88,0,0,0,0,-19.88,41.85,-21.97,0
0,0,-21.93,41.78,-19.85,0,0,0,0,-19.85,41.78,-21.93,0
0,0,-21.89,41.71,-19.81,0,0,0,0,-19.81,41.71,-21.89,0
0,0,-21.85,41.64,-19.78,0,0,0,0,-19.78,41.64,-21.85,0
0,0,-21.82,41.56,-19.75,0,0,0,0,-19.75,41.56,-21.82,0
0,0,-21.78,41.49,-19.71,0,0,0,0,-19.71,41.49,-21.78,0
0,0,-21.74,41.42,-19.68,0,0,0,0,-19.68,41.42,-21.74,0
0,0,-21.7,41.34,-19.64,0,0,0,0,-19.64,41.34,-21.7,0
0,0,-21.66,41.27,-19.61,0,0,0,0,-19.61,41.27,-21.66,0
0,0,-21.62,41.19,-19.57,0,0,0,0,-19.57,41.19,-21.62,0
0,0,-21.58,41.12,-19.54,0,0,0,0,-19.54,41.12,-21.58,0
0,0,-21.54,41.04,-19.5,0,0,0,0,-19.5,41.04,-21.54,0
0,0,-21.5,40.97,-19.46,0,0,0,0,-19.46,40.97,-21.5,0
0,0,-21.46,40.89,-19.43,0,0,0,0,-19.43,40.89,-21.46,0
0,0,-21.42,40.81,-19.39,0,0,0,0,-19.39,40.81,-21.42,0
0,0,-21.38,40.73,-19.35,0,0,0,0,-19.35,40.73,-21.38,0
0,0,-21.34,40.65,-19.32,0,0,0,0,-19.32,40.65,-21.34,0
0,0,-21.3,40.57,-19.28,0,0,0,0,-19.28,40.57,-21.3,0
0,0,-21.25,40.49,-19.24,0,0,0,0,-19.24,40.49,-21.25,0
0,0,-21.21,40.41,-19.2,0,0,0,0,-19.2,40.41,-21.21,0
0,0,-21.17,40.33,-19.16,0,0,0,0,-19.16,40.33,-21.17,0
0,0,-21.12,40.25,-19.12,0,0,0,0,-19.12,40.25,-21.12,0
0,0,-21.08,40.17,-19.09,0,0,0,0,-19.09,40.17,-21.08,0
0,0,-21.04,40.08,-19.05,0,0,0,0,-19.05,40.08,-21.04,0
0,0,-20.99,40,-19.01,0,0,0,0,-19.01,40,-20.99,0
0,0,-20.95,39.91,-18.97,0,0,0,0,-18.97,39.91,-20.95,0
0,0,-20.9,39.83,-18.93,0,0,0,0,-18.93,39.83,-20.9,0
0,0,-20.86,39.74,-18.89,0,0,0,0,-18.89,39.74,-20.86,0
0,0,-20.81,39.66,-18.84,0,0,0,0,-18.84,39.66,-20.81,0
0,0,-20.77,39.57,-18.8,0,0,0,0,-18.8,39.57,-20.77,0
0,0,-20.72,39.48,-18.76,0,0,0,0,-18.76,39.48,-20.72,0
0,0,-20.67,39.39,-18.72,0,0,0,0,-18.72,39.39,-20.67,0
0,0,-20.63,39.31,-18.68,0,0,0,0,-18.68,39.31,-20.63,0
0,0,-20.58,39.22,-18.64,0,0,0,0,-18.64,39.22,-20.58,0
0,0,-20.53,39.13,-18.59,0,0,0,0,-18.59,39.13,-20.53,0
0,0,-20.49,39.04,-18.55,0,0,0,0,-18.55,39.04,-20.49,0
0,0,-20.44,38.95,-18.51,0,0,0,0,-18.51,38.95,-20.44,0
0,0,-20.39,38.85,-18.47,0,0,0,0,-18.47,38.85,-20.39,0
0,0,-20.34,38.76,-18.42,0,0,0,0,-18.42,38.76,-20.34,0
0,0,-20.29,38.67,-18.38,0,0,0,0,-18.38,38.67,-20.29,0
0,0,-20.24,38.58,-18.33,0,0,0,0,-18.33,38.58,-20.24,0
0,0,-20.19,38.48,-18.29,0,0,0,0,-18.29,38.48,-20.19,0
0,0,-20.14,38.39,-18.24,0,0,0,0,-18.24,38.39,-20.14,0
0,0,-20.09,38.29,-18.2,0,0,0,0,-18.2,38.29,-20.09,0
0,0,-20.04,38.2,-18.15,0,0,0,0,-18.15,38.2,-20.04,0
0,0,-19.99,38.1,-18.11,0,0,0,0,-18.11,38.1,-19.99,0
0,0,-19.94,38.01,-18.06,0,0,0,0,-18.06,38.01,-19.94,0
0,0,-19.89,37.91,-18.02,0,0,0,0,-18.02,37.91,-19.89,0
0,0,-19.84,37.81,-17.97,0,0,0,0,-17.97,37.81,-19.84,0
0,0,-19.79,37.71,-17.93,0,0,0,0,-17.93,37.71,-19.79,0
0,0,-19.74,37.61,-17.88,0,0,0,0,-17.88,37.61,-19.74,0
0,0,-19.68,37.52,-17.83,0,0,0,0,-17.83,37.52,-19.68,0
0,0,-19.63,37.42,-17.78,0,0,0,0,-17.78,37.42,-19.63,0
0,0,-19.58,37.32,-17.74,0,0,0,0,-17.74,37.32,-19.58,0
0,0,-19.53,37.21,-17.69,0,0,0,0,-17.69,37.21,-19.53,0
0,0,-19.47,37.11,-17.64,0,0,0,0,-17.64,37.11,-19.47,0
0,0,-19.42,37.01,-17.59,0,0,0,0,-17.59,37.01,-19.42,0
0,0,-19.36,36.91,-17.54,0,0,0,0,-17.54,36.91,-19.36,0
0,0,-19.31,36.81,-17.5,0,0,0,0,-17.5,36.81,-19.31,0
0,0,-19.26,36.7,-17.45,0,0,0,0,-17.45,36.7,-19.26,0
0,0,-19.2,36.6,-17.4,0,0,0,0,-17.4,36.6,-19.2,0
0,0,-19.15,36.49,-17.35,0,0,0,0,-17.35,36.49,-19.15,0
0,0,-19.09,36.39,-17.3,0,0,0,0,-17.3,36.39,-19.09,0
0,0,-19.03,36.28,-17.25,0,0,0,0,-17.25,36.28,-19.03,0
0,0,-18.98,36.18,-17.2,0,0,0,0,-17.2,36.18,-18.98,0
0,0,-18.92,36.07,-17.15,0,0,0,0,-17.15,36.07,-18.92,0
0,0,-18.87,35.96,-17.1,0,0,0,0,-17.1,35.96,-18.87,0
0,0,-18.81,35.85,-17.04,0,0,0,0,-17.04,35.85,-18.81,0
0,0,-18.75,35.75,-16.99,0,0,0,0,-16.99,35.75,-18.75,0
0,0,-18.7,35.64,-16.94,0,0,0,0,-16.94,35.64,-18.7,0
0,0,-18.64,35.53,-16.89,0,0,0,0,-16.89,35.53,-18.64,0
0,0,-18.58,35.42,-16.84,0,0,0,0,-16.84,35.42,-18.58,0
0,0,-18.52,35.31,-16.79,0,0,0,0,-16.79,35.31,-18.52,0
0,0,-18.46,35.2,-16.73,0,0,0,0,-16.73,35.2,-18.46,0
0,0,-18.4,35.09,-16.68,0,0,0,0,-16.68,35.09,-18.4,0
0,0,-18.35,34.97,-16.63,0,0,0,0,-16.63,34.97,-18.35,0
0,0,-18.29,34.86,-16.57,0,0,0,0,-16.57,34.86,-18.29,0
0,0,-18.23,34.75,-16.52,0,0,0,0,-16.52,34.75,-18.23,0
0,0,-18.17,34.63,-16.47,0,0,0,0,-16.47,34.63,-18.17,0
0,0,-18.11,34.52,-16.41,0,0,0,0,-16.41,34.52,-18.11,0
0,0,-18.05,34.41,-16.36,0,0,0,0,-16.36,34.41,-18.05,0
0,0,-17.99,34.29,-16.3,0,0,0,0,-16.3,34.29,-17.99,0
0,0,-17.93,34.18,-16.25,0,0,0,0,-16.25,34.18,-17.93,0
0,0,-17.87,34.06,-16.19,0,0,0,0,-16.19,34.06,-17.87,0
0,0,-17.81,33.94,-16.14,0,0,0,0,-16.14,33.94,-17.81,0
0,0,-17.74,33.83,-16.08,0,0,0,0,-16.08,33.83,-17.74,0
0,0,-17.68,33.71,-16.03,0,0,0,0,-16.03,33.71,-17.68,0
0,0,-17.62,33.59,-15.97,0,0,0,0,-15.97,33.59,-17.62,0
0,0,-17.56,33.48,-15.92,0,0,0,0,-15.92,33.48,-17.56,0
0,0,-17.5,33.36,-15.86,0,0,0,0,-15.86,33.36,-17.5,0
0,0,-17.43,33.24,-15.8,0,0,0,0,-15.8,33.24,-17.43,0
0,0,-17.37,33.12,-15.75,0,0,0,0,-15.75,33.12,-17.37,0
0,0,-17.31,33,-15.69,0,0,0,0,-15.69,33,-17.31,0
0,0,-17.24,32.88,-15.63,0,0,0,0,-15.63,32.88,-17.24,0
0,0,-17.18,32.76,-15.58,0,0,0,0,-15.58,32.76,-17.18,0
0,0,-17.12,32.64,-15.52,0,0,0,0,-15.52,32.64,-17.12,0
0,0,-17.05,32.51,-15.46,0,0,0,0,-15.46,32.51,-17.05,0
0,0,-16.99,32.39,-15.4,0,0,0,0,-15.4,32.39,-16.99,0
0,0,-16.92,32.27,-15.35,0,0,0,0,-15.35,32.27,-16.92,0
0,0,-16.86,32.15,-15.29,0,0,0,0,-15.29,32.15,-16.86,0
0,0,-16.79,32.02,-15.23,0,0,0,0,-15.23,32.02,-16.79,0
0,0,-16.73,31.9,-15.17,0,0,0,0,-15.17,31.9,-16.73,0
0,0,-16.66,31.78,-15.11,0,0,0,0,-15.11,31.78,-16.66,0
0,0,-16.6,31.65,-15.05,0,0,0,0,-15.05,31.65,-16.6,0
0,0,-16.53,31.53,-14.99,0,0,0,0,-14.99,31.53,-16.53,0
0,0,-16.47,31.4,-14.93,0,0,0,0,-14.93,31.4,-16.47,0
0,0,-16.4,31.27,-14.87,0,0,0,0,-14.87,31.27,-16.4,0
0,0,-16.33,31.15,-14.81,0,0,0,0,-14.81,31.15,-16.33,0
0,0,-16.27,31.02,-14.75,0,0,0,0,-14.75,31.02,-16.27,0
0,0,-16.2,30.89,-14.69,0,0,0,0,-14.69,30.89,-16.2,0
0,0,-16.13,30.77,-14.63,0,0,0,0,-14.63,30.77,-16.13,0
0,0,-16.07,30.64,-14.57,0,0,0,0,-14.57,30.64,-16.07,0
0,0,-16,30.51,-14.51,0,0,0,0,-14.51,30.51,-16,0
0,0,-15.93,30.38,-14.45,0,0,0,0,-14.45,30.38,-15.93,0
0,0,-15.86,30.25,-14.39,0,0,0,0,-14.39,30.25,-15.86,0
0,0,-15.8,30.12,-14.33,0,0,0,0,-14.33,30.12,-15.8,0
0,0,-15.73,29.99,-14.27,0,0,0,0,-14.27,29.99,-15.73,0
0,0,-15.66,29.86,-14.2,0,0,0,0,-14.2,29.86,-15.66,0
0,0,-15.59,29.73,-14.14,0,0,0,0,-14.14,29.73,-15.59,0
0,0,-15.52,29.6,-14.08,0,0,0,0,-14.08,29.6,-15.52,0
0,0,-15.45,29.47,-14.02,0,0,0,0,-14.02,29.47,-15.45,0
0,0,-15.38,29.34,-13.96,0,0,0,0,-13.96,29.34,-15.38,0
0,0,-15.31,29.21,-13.89,0,0,0,0,-13.89,29.21,-15.31,0
0,0,-15.24,29.07,-13.83,0,0,0,0,-13.83,29.07,-15.24,0
0,0,-15.17,28.94,-13.77,0,0,0,0,-13.77,28.94,-15.17,0
0,0,-15.1,28.81,-13.7,0,0,0,0,-13.7,28.81,-15.1,0
0,0,-15.03,28.67,-13.64,0,0,0,0,-13.64,28.67,-15.03,0
0,0,-14.96,28.54,-13.58,0,0,0,0,-13.58,28.54,-14.96,0
0,0,-14.89,28.41,-13.51,0,0,0,0,-13.51,28.41,-14.89,0
0,0,-14.82,28.27,-13.45,0,0,0,0,-13.45,28.27,-14.82,0
0,0,-14.75,28.14,-13.38,0,0,0,0,-13.38,28.14,-14.75,0
0,0,-14.68,28,-13.32,0,0,0,0,-13.32,28,-14.68,0
0,0,-14.61,27.87,-13.26,0,0,0,0,-13.26,27.87,-14.61,0
0,0,-14.54,27.73,-13.19,0,0,0,0,-13.19,27.73,-14.54,0
0,0,-14.47,27.59,-13.13,0,0,0,0,-13.13,27.59,-14.47,0
0,0,-14.4,27.46,-13.06,0,0,0,0,-13.06,27.46,-14.4,0
0,0,-14.32,27.32,-13,0,0,0,0,-13,27.32,-14.32,0
0,0,-14.25,27.18,-12.93,0,0,0,0,-12.93,27.18,-14.25,0
0,0,-14.18,27.05,-12.87,0,0,0,0,-12.87,27.05,-14.18,0
0,0,-14.11,26.91,-12.8,0,0,0,0,-12.8,26.91,-14.11,0
0,0,-14.03,26.77,-12.74,0,0,0,0,-12.74,26.77,-14.03,0
0,0,-13.96,26.63,-12.67,0,0,0,0,-12.67,26.63,-13.96,0
0,0,-13.89,26.49,-12.6,0,0,0,0,-12.6,26.49,-13.89,0
0,0,-13.82,26.36,-12.54,0,0,0,0,-12.54,26.36,-13.82,0
0,0,-13.74,26.22,-12.47,0,0,0,0,-12.47,26.22,-13.74,0
0,0,-13.67,26.08,-12.41,0,0,0,0,-12.41,26.08,-13.67,0
0,0,-13.6,25.94,-12.34,0,0,0,0,-12.34,25.94,-13.6,0
0,0,-13.52,25.8,-12.27,0,0,0,0,-12.27,25.8,-13.52,0
0,0,-13.45,25.66,-12.21,0,0,0,0,-12.21,25.66,-13.45,0
0,0,-13.38,25.52,-12.14,0,0,0,0,-12.14,25.52,-13.38,0
0,0,-13.3,25.38,-12.07,0,0,0,0,-12.07,25.38,-13.3,0
0,0,-13.23,25.23,-12.01,0,0,0,0,-12.01,25.23,-13.23,0
0,0,-13.15,25.09,-11.94,0,0,0,0,-11.94,25.09,-13.15,0
0,0,-13.08,24.95,-11.87,0,0,0,0,-11.87,24.95,-13.08,0
0,0,-13.01,24.81,-11.81,0,0,0,0,-11.81,24.81,-13.01,0
0,0,-12.93,24.67,-11.74,0,0,0,0,-11.74,24.67,-12.93,0
0,0,-12.86,24.53,-11.67,0,0,0,0,-11.67,24.53,-12.86,0
0,0,-12.78,24.38,-11.6,0,0,0,0,-11.6,24.38,-12.78,0
0,0,-12.71,24.24,-11.54,0,0,0,0,-11.54,24.24,-12.71,0
0,0,-12.63,24.1,-11.47,0,0,0,0,-11.47,24.1,-12.63,0
0,0,-12.56,23.96,-11.4,0,0,0,0,-11.4,23.96,-12.56,0
0,0,-12.48,23.81,-11.33,0,0,0,0,-11.33,23.81,-12.48,0
0,0,-12.41,23.67,-11.26,0,0,0,0,-11.26,23.67,-12.41,0
0,0,-12.33,23.53,-11.19,0,0,0,0,-11.19,23.53,-12.33,0
0,0,-12.26,23.38,-11.13,0,0,0,0,-11.13,23.38,-12.26,0
0,0,-12.18,23.24,-11.06,0,0,0,0,-11.06,23.24,-12.18,0
0,0,-12.1,23.09,-10.99,0,0,0,0,-10.99,23.09,-12.1,0
0,0,-12.03,22.95,-10.92,0,0,0,0,-10.92,22.95,-12.03,0
0,0,-11.95,22.8,-10.85,0,0,0,0,-10.85,22.8,-11.95,0
0,0,-11.88,22.66,-10.78,0,0,0,0,-10.78,22.66,-11.88,0
0,0,-11.8,22.52,-10.71,0,0,0,0,-10.71,22.52,-11.8,0
0,0,-11.72,22.37,-10.65,0,0,0,0,-10.65,22.37,-11.72,0
0,0,-11.65,22.23,-10.58,0,0,0,0,-10.58,22.23,-11.65,0
0,0,-11.57,22.08,-10.51,0,0,0,0,-10.51,22.08,-11.57,0
0,0,-11.5,21.93,-10.44,0,0,0,0,-10.44,21.93,-11.5,0
0,0,-11.42,21.79,-10.37,0,0,0,0,-10.37,21.79,-11.42,0
0,0,-11.34,21.64,-10.3,0,0,0,0,-10.3,21.64,-11.34,0
0,0,-11.27,21.5,-10.23,0,0,0,0,-10.23,21.5,-11.27,0
0,0,-11.19,21.35,-10.16,0,0,0,0,-10.16,21.35,-11.19,0
0,0,-11.11,21.21,-10.09,0,0,0,0,-10.09,21.21,-11.11,0
0,0,-11.04,21.06,-10.02,0,0,0,0,-10.02,21.06,-11.04,0
0,0,-10.96,20.91,-9.95,0,0,0,0,-9.95,20.91,-10.96,0
0,0,-10.88,20.77,-9.88,0,0,0,0,-9.88,20.77,-10.88,0
0,0,-10.81,20.62,-9.81,0,0,0,0,-9.81,20.62,-10.81,0
0,0,-10.73,20.47,-9.74,0,0,0,0,-9.74,20.47,-10.73,0
0,0,-10.65,20.33,-9.67,0,0,0,0,-9.67,20.33,-10.65,0
0,0,-10.58,20.18,-9.6,0,0,0,0,-9.6,20.18,-10.58,0
0,0,-10.5,20.03,-9.53,0,0,0,0,-9.53,20.03,-10.5,0
0,0,-10.42,19.89,-9.46,0,0,0,0,-9.46,19.89,-10.42,0
0,0,-10.34,19.74,-9.4,0,0,0,0,-9.4,19.74,-10.34,0
0,0,-10.27,19.59,-9.33,0,0,0,0,-9.33,19.59,-10.27,0
0,0,-10.19,19.44,-9.26,0,0,0,0,-9.26,19.44,-10.19,0
0,0,-10.11,19.3,-9.19,0,0,0,0,-9.19,19.3,-10.11,0
0,0,-10.04,19.15,-9.12,0,0,0,0,-9.12,19.15,-10.04,0
0,0,-9.96,19,-9.05,0,0,0,0,-9.05,19,-9.96,0
0,0,-9.88,18.86,-8.98,0,0,0,0,-8.98,18.86,-9.88,0
0,0,-9.8,18.71,-8.91,0,0,0,0,-8.91,18.71,-9.8,0
0,0,-9.73,18.56,-8.84,0,0,0,0,-8.84,18.56,-9.73,0
0,0,-9.65,18.41,-8.77,0,0,0,0,-8.77,18.41,-9.65,0
0,0,-9.57,18.27,-8.7,0,0,0,0,-8.7,18.27,-9.57,0
0,0,-9.49,18.12,-8.63,0,0,0,0,-8.63,18.12,-9.49,0
0,0,-9.42,17.97,-8.56,0,0,0,0,-8.56,17.97,-9.42,0
0,0,-9.34,17.83,-8.49,0,0,0,0,-8.49,17.83,-9.34,0
0,0,-9.26,17.68,-8.42,0,0,0,0,-8.42,17.68,-9.26,0
0,0,-9.19,17.53,-8.35,0,0,0,0,-8.35,17.53,-9.19,0
0,0,-9.11,17.38,-8.28,0,0,0,0,-8.28,17.38,-9.11,0
0,0,-9.03,17.24,-8.21,0,0,0,0,-8.21,17.24,-9.03,0
0,0,-8.95,17.09,-8.14,0,0,0,0,-8.14,17.09,-8.95,0
0,0,-8.88,16.94,-8.07,0,0,0,0,-8.07,16.94,-8.88,0
0,0,-8.8,16.8,-8,0,0,0,0,-8,16.8,-8.8,0
0,0,-8.72,16.65,-7.93,0,0,0,0,-7.93,16.65,-8.72,0
0,0,-8.65,16.5,-7.86,0,0,0,0,-7.86,16.5,-8.65,0
0,0,-8.57,16.36,-7.79,0,0,0,0,-7.79,16.36,-8.57,0
0,0,-8.49,16.21,-7.72,0,0,0,0,-7.72,16.21,-8.49,0
0,0,-8.42,16.06,-7.65,0,0,0,0,-7.65,16.06,-8.42,0
0,0,-8.34,15.92,-7.58,0,0,0,0,-7.58,15.92,-8.34,0
0,0,-8.26,15.77,-7.51,0,0,0,0,-7.51,15.77,-8.26,0
0,0,-8.19,15.62,-7.44,0,0,0,0,-7.44,15.62,-8.19,0
0,0,-8.11,15.48,-7.37,0,0,0,0,-7.37,15.48,-8.11,0
0,0,-8.03,15.33,-7.3,0,0,0,0,-7.3,15.33,-8.03,0
0,0,-7.96,15.19,-7.23,0,0,0,0,-7.23,15.19,-7.96,0
0,0,-7.88,15.04,-7.16,0,0,0,0,-7.16,15.04,-7.88,0
0,0,-7.8,14.9,-7.09,0,0,0,0,-7.09,14.9,-7.8,0
0,0,-7.73,14.75,-7.02,0,0,0,0,-7.02,14.75,-7.73,0
0,0,-7.65,14.61,-6.95,0,0,0,0,-6.95,14.61,-7.65,0
0,0,-7.58,14.46,-6.88,0,0,0,0,-6.88,14.46,-7.58,0
0,0,-7.5,14.32,-6.82,0,0,0,0,-6.82,14.32,-7.5,0
0,0,-7.42,14.17,-6.75,0,0,0,0,-6.75,14.17,-7.42,0
0,0,-7.35,14.03,-6.68,0,0,0,0,-6.68,14.03,-7.35,0
0,0,-7.27,13.88,-6.61,0,0,0,0,-6.61,13.88,-7.27,0
0,0,-7.2,13.74,-6.54,0,0,0,0,-6.54,13.74,-7.2,0
0,0,-7.12,13.6,-6.47,0,0,0,0,-6.47,13.6,-7.12,0
0,0,-7.05,13.45,-6.41,0,0,0,0,-6.41,13.45,-7.05,0
0,0,-6.97,13.31,-6.34,0,0,0,0,-6.34,13.31,-6.97,0
0,0,-6.9,13.17,-6.27,0,0,0,0,-6.27,13.17,-6.9,0
0,0,-6.82,13.03,-6.2,0,0,0,0,-6.2,13.03,-6.82,0
0,0,-6.75,12.88,-6.13,0,0,0,0,-6.13,12.88,-6.75,0
0,0,-6.68,12.74,-6.07,0,0,0,0,-6.07,12.74,-6.68,0
0,0,-6.6,12.6,-6,0,0,0,0,-6,12.6,-6.6,0
0,0,-6.53,12.46,-5.93,0,0,0,0,-5.93,12.46,-6.53,0
0,0,-6.45,12.32,-5.87,0,0,0,0,-5.87,12.32,-6.45,0
0,0,-6.38,12.18,-5.8,0,0,0,0,-5.8,12.18,-6.38,0
0,0,-6.31,12.04,-5.73,0,0,0,0,-5.73,12.04,-6.31,0
0,0,-6.23,11.9,-5.67,0,0,0,0,-5.67,11.9,-6.23,0
0,0,-6.16,11.76,-5.6,0,0,0,0,-5.6,11.76,-6.16,0
0,0,-6.09,11.62,-5.53,0,0,0,0,-5.53,11.62,-6.09,0
0,0,-6.02,11.48,-5.47,0,0,0,0,-5.47,11.48,-6.02,0
0,0,-5.94,11.35,-5.4,0,0,0,0,-5.4,11.35,-5.94,0
0,0,-5.87,11.21,-5.34,0,0,0,0,-5.34,11.21,-5.87,0
0,0,-5.8,11.07,-5.27,0,0,0,0,-5.27,11.07,-5.8,0
0,0,-5.73,10.93,-5.21,0,0,0,0,-5.21,10.93,-5.73,0
0,0,-5.66,10.8,-5.14,0,0,0,0,-5.14,10.8,-5.66,0
0,0,-5.59,10.66,-5.08,0,0,0,0,-5.08,10.66,-5.59,0
0,0,-5.52,10.53,-5.01,0,0,0,0,-5.01,10.53,-5.52,0
0,0,-5.44,10.39,-4.95,0,0,0,0,-4.95,10.39,-5.44,0
0,0,-5.37,10.26,-4.89,0,0,0,0,-4.89,10.26,-5.37,0
0,0,-5.3,10.13,-4.82,0,0,0,0,-4.82,10.13,-5.3,0
0,0,-5.24,9.99,-4.76,0,0,0,0,-4.76,9.99,-5.24,0
0,0,-5.17,9.86,-4.7,0,0,0,0,-4.7,9.86,-5.17,0
0,0,-5.1,9.73,-4.63,0,0,0,0,-4.63,9.73,-5.1,0
0,0,-5.03,9.6,-4.57,0,0,0,0,-4.57,9.6,-5.03,0
0,0,-4.96,9.47,-4.51,0,0,0,0,-4.51,9.47,-4.96,0
0,0,-4.89,9.34,-4.45,0,0,0,0,-4.45,9.34,-4.89,0
0,0,-4.83,9.21,-4.39,0,0,0,0,-4.39,9.21,-4.83,0
0,0,-4.76,9.08,-4.33,0,0,0,0,-4.33,9.08,-4.76,0
0,0,-4.69,8.96,-4.26,0,0,0,0,-4.26,8.96,-4.69,0
0,0,-4.63,8.83,-4.2,0,0,0,0,-4.2,8.83,-4.63,0
0,0,-4.56,8.7,-4.14,0,0,0,0,-4.14,8.7,-4.56,0
0,0,-4.49,8.58,-4.08,0,0,0,0,-4.08,8.58,-4.49,0
0,0,-4.43,8.45,-4.03,0,0,0,0,-4.03,8.45,-4.43,0
0,0,-4.36,8.33,-3.97,0,0,0,0,-3.97,8.33,-4.36,0
0,0,-4.3,8.21,-3.91,0,0,0,0,-3.91,8.21,-4.3,0
0,0,-4.24,8.09,-3.85,0,0,0,0,-3.85,8.09,-4.24,0
0,0,-4.17,7.97,-3.79,0,0,0,0,-3.79,7.97,-4.17,0
0,0,-4.11,7.85,-3.74,0,0,0,0,-3.74,7.85,-4.11,0
0,0,-4.05,7.73,-3.68,0,0,0,0,-3.68,7.73,-4.05,0
0,0,-3.99,7.61,-3.62,0,0,0,0,-3.62,7.61,-3.99,0
0,0,-3.93,7.49,-3.57,0,0,0,0,-3.57,7.49,-3.93,0
0,0,-3.86,7.38,-3.51,0,0,0,0,-3.51,7.38,-3.86,0
0,0,-3.8,7.26,-3.46,0,0,0,0,-3.46,7.26,-3.8,0
0,0,-3.75,7.15,-3.41,0,0,0,0,-3.41,7.15,-3.75,0
0,0,-3.69,7.04,-3.35,0,0,0,0,-3.35,7.04,-3.69,0
0,0,-3.63,6.93,-3.3,0,0,0,0,-3.3,6.93,-3.63,0
0,0,-3.57,6.82,-3.25,0,0,0,0,-3.25,6.82,-3.57,0
0,0,-3.51,6.71,-3.19,0,0,0,0,-3.19,6.71,-3.51,0
0,0,-3.46,6.6,-3.14,0,0,0,0,-3.14,6.6,-3.46,0
0,0,-3.4,6.5,-3.09,0,0,0,0,-3.09,6.5,-3.4,0
0,0,-3.35,6.39,-3.04,0,0,0,0,-3.04,6.39,-3.35,0
0,0,-3.29,6.29,-2.99,0,0,0,0,-2.99,6.29,-3.29,0
0,0,-3.24,6.19,-2.95,0,0,0,0,-2.95,6.19,-3.24,0
0,0,-3.19,6.09,-2.9,0,0,0,0,-2.9,6.09,-3.19,0
0,0,-3.14,5.99,-2.85,0,0,0,0,-2.85,5.99,-3.14,0
0,0,-3.09,5.89,-2.8,0,0,0,0,-2.8,5.89,-3.09,0
0,0,-3.04,5.79,-2.76,0,0,0,0,-2.76,5.79,-3.04,0
0,0,-2.99,5.7,-2.71,0,0,0,0,-2.71,5.7,-2.99,0
0,0,-2.94,5.61,-2.67,0,0,0,0,-2.67,5.61,-2.94,0
0,0,-2.89,5.52,-2.63,0,0,0,0,-2.63,5.52,-2.89,0
0,0,-2.84,5.43,-2.59,0,0,0,0,-2.59,5.43,-2.84,0
0,0,-2.8,5.34,-2.54,0,0,0,0,-2.54,5.34,-2.8,0
0,0,-2.75,5.26,-2.5,0,0,0,0,-2.5,5.26,-2.75,0
0,0,-2.71,5.17,-2.46,0,0,0,0,-2.46,5.17,-2.71,0
0,0,-2.67,5.09,-2.43,0,0,0,0,-2.43,5.09,-2.67,0
0,0,-2.63,5.01,-2.39,0,0,0,0,-2.39,5.01,-2.63,0
0,0,-2.59,4.94,-2.35,0,0,0,0,-2.35,4.94,-2.59,0
0,0,-2.55,4.86,-2.31,0,0,0,0,-2.31,4.86,-2.55,0
0,0,-2.51,4.79,-2.28,0,0,0,0,-2.28,4.79,-2.51,0
0,0,-2.47,4.72,-2.25,0,0,0,0,-2.25,4.72,-2.47,0
0,0,-2.43,4.65,-2.21,0,0,0,0,-2.21,4.65,-2.43,0
0,0,-2.4,4.58,-2.18,0,0,0,0,-2.18,4.58,-2.4,0
0,0,-2.37,4.52,-2.15,0,0,0,0,-2.15,4.52,-2.37,0
0,0,-2.33,4.46,-2.12,0,0,0,0,-2.12,4.46,-2.33,0
0,0,-2.3,4.4,-2.09,0,0,0,0,-2.09,4.4,-2.3,0
0,0,-2.27,4.34,-2.07,0,0,0,0,-2.07,4.34,-2.27,0
0,0,-2.24,4.28,-2.04,0,0,0,0,-2.04,4.28,-2.24,0
0,0,-2.22,4.23,-2.01,0,0,0,0,-2.01,4.23,-2.22,0
0,0,-2.19,4.18,-1.99,0,0,0,0,-1.99,4.18,-2.19,0
0,0,-2.16,4.13,-1.97,0,0,0,0,-1.97,4.13,-2.16,0
0,0,-2.14,4.09,-1.95,0,0,0,0,-1.95,4.09,-2.14,0
0,0,-2.12,4.04,-1.93,0,0,0,0,-1.93,4.04,-2.12,0
0,0,-2.1,4,-1.91,0,0,0,0,-1.91,4,-2.1,0
0,0,-2.08,3.97,-1.89,0,0,0,0,-1.89,3.97,-2.08,0
0,0,-2.06,3.93,-1.87,0,0,0,0,-1.87,3.93,-2.06,0
0,0,-2.04,3.9,-1.86,0,0,0,0,-1.86,3.9,-2.04,0
0,0,-2.02,3.87,-1.84,0,0,0,0,-1.84,3.87,-2.02,0
0,0,-2.01,3.84,-1.83,0,0,0,0,-1.83,3.84,-2.01,0
0,0,-2,3.81,-1.81,0,0,0,0,-1.81,3.81,-2,0
0,0,-1.98,3.79,-1.8,0,0,0,0,-1.8,3.79,-1.98,0
0,0,-1.97,3.76,-1.79,0,0,0,0,-1.79,3.76,-1.97,0
0,0,-1.96,3.74,-1.78,0,0,0,0,-1.78,3.74,-1.96,0
0,0,-1.95,3.73,-1.77,0,0,0,0,-1.77,3.73,-1.95,0
0,0,-1.94,3.71,-1.77,0,0,0,0,-1.77,3.71,-1.94,0
0,0,-1.94,3.7,-1.76,0,0,0,0,-1.76,3.7,-1.94,0
0,0,-1.93,3.68,-1.75,0,0,0,0,-1.75,3.68,-1.93,0
0,0,-1.92,3.67,-1.75,0,0,0,0,-1.75,3.67,-1.92,0
0,0,-1.92,3.66,-1.74,0,0,0,0,-1.74,3.66,-1.92,0
0,0,-1.91,3.66,-1.74,0,0,0,0,-1.74,3.66,-1.91,0
0,0,-1.91,3.65,-1.74,0,0,0,0,-1.74,3.65,-1.91,0
0,0,-1.91,3.64,-1.74,0,0,0,0,-1.74,3.64,-1.91,0
0,0,-1.91,3.64,-1.73,0,0,0,0,-1.73,3.64,-1.91,0
0,0,-1.9,3.64,-1.73,0,0,0,0,-1.73,3.64,-1.9,0
0,0,-1.9,3.63,-1.73,0,0,0,0,-1.73,3.63,-1.9,0
0,0,-1.9,3.63,-1.73,0,0,0,0,-1.73,3.63,-1.9,0
0,0,-1.9,3.63,-1.73,0,0,0,0,-1.73,3.63,-1.9,0
0,0,-1.9,3.63,-1.73,0,0,0,0,-1.73,3.63,-1.9,0
0,0,-1.9,3.63,-1.73,0,0,0,0,-1.73,3.63,-1.9,0
0,0,-1.9,3.63,-1.73,0,0,0,0,-1.73,3.63,-1.9,0
